{
    "loss": 1.050830364227295,
    "accuracy": 0.6078431606292725
}